A monolith is always launched as a single running process. True or False?, 1, True, False
Empty catch blocks should generally be avoided in Java because they silently ignore errors. True or False?, 0, True, False
In subclass coupling"," the parent class is coupled to the child class"," but the child class is not coupled to the parent class. True or False?, 1, True, False
Software testing can be used to conclusively prove the complete absence of errors in a system. True or False?, 1, True, False
According to Brooks' Law"," what is the consequence of adding more people to an already late software project?, 1, The project gets back on track due to increased manpower, The project becomes even later due to communication overhead, The project cost decreases due to faster development, The project quality improves because of extra reviewers
In a client-server architecture"," what does a 'tier' represent?, 1, A logical division inside the software code, A separately deployed part of the system, A physical machine or server hardware, A layer of the software's user interface
In the Abstraction Occurrence design pattern"," what is the role of the Abstraction class?, 2, It holds unique information about each individual occurrence, It contains the logic to instantiate occurrence objects, It holds all the common information shared among the occurrences, It acts as a private constructor to prevent external instantiation
What is the primary solution provided by the Facade design pattern?, 2, Splitting a large database into separate files to avoid lock contention, Allowing one object to observe and react to state changes in another object, Introducing a single front-facing class through which clients access all internal component functionality, Decoupling data representation"," presentation"," and user interaction
Under the Law of Demeter"," which of the following is a method 'm' of an object 'O' NOT permitted to invoke?, 3, Methods of the object O itself, Methods of objects passed as parameters to m, Methods of objects created or instantiated inside m, Methods of strangers accessed by navigating through friend objects (e.g."," b.getGoo().doSomething())
In Java"," what characterizes a 'checked' exception?, 2, It represents a system error that cannot be anticipated or recovered from, It is a runtime exception indicating programmer bugs that must be fixed, It represents an exceptional condition that a well-written application should anticipate and recover from, It does not follow the Catch or Specify Requirement
What is the primary rationale behind Boundary Value Analysis (BVA)?, 1, Testing every possible input combination to guarantee no bugs remain, Picking test inputs near the boundaries of equivalence partitions where bugs are more common, Focusing exclusively on valid inputs and ignoring invalid ones, Randomly selecting inputs from a large database of user data
Which test coverage criterion represents the highest intensity of testing by exercising all possible execution paths?, 3, Statement coverage, Function coverage, Branch coverage, Path coverage
Which core security property of the CIA triad asks whether information has been disclosed only to those permitted to see it?, 0, Confidentiality, Integrity, Availability, Authentication
Why is fixing a bug technically NOT considered a form of 'refactoring'?, 1, Because bug fixing is always done manually rather than using an IDE, Because refactoring must never change the external behavior of the code, Because bug fixing requires writing test cases"," while refactoring does not, Because refactoring can only be done on complete"," compile-ready classes
In the event-driven architectural style"," an event is a (???). Fill in the blank., 1, direct call to a local system method, notable occurrence"," such as a button click or timer expiration, separately deployed tier running on a web server, global variable shared between two components
The (???) should be clear and prominent in your code"," which can be achieved by using guard clauses to reduce nesting. Fill in the blank., 2, error handling path, alternative path, happy path, unusual condition path
Cohesion is a measure of how (???). Fill in the blank., 0, strongly related and focused the various responsibilities of a component are, much one component depends on another component, easily the SUT can be tested in isolation, effectively details are suppressed below a certain level of complexity
The Liskov Substitution Principle states that (???) must be substitutable for their base classes. Fill in the blank., 2, abstract classes, interfaces, derived classes, association classes
(???) can isolate the Software Under Test (SUT) from its dependencies to allow testing in isolation. Fill in the blank., 3, Test drivers, Linters, Static analyzers, Stubs
The secure design principle of (???) means giving each user"," component"," and process only the permissions it needs for its current job. Fill in the blank., 1, deny by default, least privilege, defense in depth, secure by default
A monolith is always launched as a single running process. True or False?, 1, True, False
Empty catch blocks should generally be avoided in Java because they silently ignore errors. True or False?, 0, True, False
In subclass coupling"," the parent class is coupled to the child class"," but the child class is not coupled to the parent class. True or False?, 1, True, False
Software testing can be used to conclusively prove the complete absence of errors in a system. True or False?, 1, True, False
According to Brooks' Law"," what is the consequence of adding more people to an already late software project?, 1, The project gets back on track due to increased manpower, The project becomes even later due to communication overhead, The project cost decreases due to faster development, The project quality improves because of extra reviewers
In a client-server architecture"," what does a 'tier' represent?, 1, A logical division inside the software code, A separately deployed part of the system, A physical machine or server hardware, A layer of the software's user interface
In the Abstraction Occurrence design pattern"," what is the role of the Abstraction class?, 2, It holds unique information about each individual occurrence, It contains the logic to instantiate occurrence objects, It holds all the common information shared among the occurrences, It acts as a private constructor to prevent external instantiation
What is the primary solution provided by the Facade design pattern?, 2, Splitting a large database into separate files to avoid lock contention, Allowing one object to observe and react to state changes in another object, Introducing a single front-facing class through which clients access all internal component functionality, Decoupling data representation"," presentation"," and user interaction
Under the Law of Demeter"," which of the following is a method 'm' of an object 'O' NOT permitted to invoke?, 3, Methods of the object O itself, Methods of objects passed as parameters to m, Methods of objects created or instantiated inside m, Methods of strangers accessed by navigating through friend objects (e.g."," b.getGoo().doSomething())
In Java"," what characterizes a 'checked' exception?, 2, It represents a system error that cannot be anticipated or recovered from, It is a runtime exception indicating programmer bugs that must be fixed, It represents an exceptional condition that a well-written application should anticipate and recover from, It does not follow the Catch or Specify Requirement
What is the primary rationale behind Boundary Value Analysis (BVA)?, 1, Testing every possible input combination to guarantee no bugs remain, Picking test inputs near the boundaries of equivalence partitions where bugs are more common, Focusing exclusively on valid inputs and ignoring invalid ones, Randomly selecting inputs from a large database of user data
Which test coverage criterion represents the highest intensity of testing by exercising all possible execution paths?, 3, Statement coverage, Function coverage, Branch coverage, Path coverage
Which core security property of the CIA triad asks whether information has been disclosed only to those permitted to see it?, 0, Confidentiality, Integrity, Availability, Authentication
Why is fixing a bug technically NOT considered a form of 'refactoring'?, 1, Because bug fixing is always done manually rather than using an IDE, Because refactoring must never change the external behavior of the code, Because bug fixing requires writing test cases"," while refactoring does not, Because refactoring can only be done on complete"," compile-ready classes
In the event-driven architectural style"," an event is a (???). Fill in the blank., 1, direct call to a local system method, notable occurrence"," such as a button click or timer expiration, separately deployed tier running on a web server, global variable shared between two components
The (???) should be clear and prominent in your code"," which can be achieved by using guard clauses to reduce nesting. Fill in the blank., 2, error handling path, alternative path, happy path, unusual condition path
Cohesion is a measure of how (???). Fill in the blank., 0, strongly related and focused the various responsibilities of a component are, much one component depends on another component, easily the SUT can be tested in isolation, effectively details are suppressed below a certain level of complexity
The Liskov Substitution Principle states that (???) must be substitutable for their base classes. Fill in the blank., 2, abstract classes, interfaces, derived classes, association classes
(???) can isolate the Software Under Test (SUT) from its dependencies to allow testing in isolation. Fill in the blank., 3, Test drivers, Linters, Static analyzers, Stubs
The secure design principle of (???) means giving each user"," component"," and process only the permissions it needs for its current job. Fill in the blank., 1, deny by default, least privilege, defense in depth, secure by default